engine,n_paths,seconds
numpy,10000,0.01439676399847182
numba,10000,0.006890457996632904
numpy,100000,0.14915104165750867
numba,100000,0.04306952798894296
numpy,500000,0.7469124166721789
numba,500000,0.20629481900444566
numpy,1000000,2.497718069324037
numba,1000000,0.3848484863313691
