engine,n_paths,seconds
numpy,10000,0.015410569666225152
numba,10000,0.007726180667911346
numpy,100000,0.15172741699401135
numba,100000,0.041184472332436904
numpy,500000,0.7549832086709406
numba,500000,0.18504968066796815
numpy,1000000,2.4176934999995865
numba,1000000,0.38542238899875275
