engine,n_paths,seconds
numpy,10000,0.014051333341437081
numba,10000,0.007407319673802704
numpy,100000,0.15152952767675743
numba,100000,0.04165838898431199
numpy,500000,0.7561689306652019
numba,500000,0.1908797363381988
numpy,1000000,1.9912149589993835
numba,1000000,0.4256992916634772
